Rank,Release Group,Worldwide,Domestic,%,Foreign,%
1,The Dark Knight,"$1,003,045,358","$533,345,358",53.2%,"$469,700,000",46.8%
2,Indiana Jones and the Kingdom of the Crystal Skull,"$790,653,942","$317,101,119",40.1%,"$473,552,823",59.9%
3,Kung Fu Panda,"$631,744,560","$215,434,591",34.1%,"$416,309,969",65.9%
4,Hancock,"$629,443,428","$227,946,274",36.2%,"$401,497,154",63.8%
5,Mamma Mia!,"$609,841,637","$144,130,063",23.6%,"$465,711,574",76.4%
6,Madagascar: Escape 2 Africa,"$603,900,354","$180,010,950",29.8%,"$423,889,404",70.2%
7,Quantum of Solace,"$589,580,482","$168,368,427",28.6%,"$421,212,055",71.4%
8,Iron Man,"$585,366,247","$318,604,126",54.4%,"$266,762,121",45.6%
9,WALL·E,"$521,311,860","$223,808,164",42.9%,"$297,503,696",57.1%
10,The Chronicles of Narnia: Prince Caspian,"$419,665,568","$141,621,490",33.7%,"$278,044,078",66.3%
11,Sex and the City,"$418,765,321","$152,647,258",36.5%,"$266,118,063",63.5%
12,Twilight,"$407,187,715","$192,769,854",47.3%,"$214,417,861",52.7%
13,The Mummy: Tomb of the Dragon Emperor,"$403,449,830","$102,491,776",25.4%,"$300,958,054",74.6%
14,Slumdog Millionaire,"$378,410,113","$141,319,928",37.3%,"$237,090,185",62.7%
15,Wanted,"$342,463,063","$134,508,551",39.3%,"$207,954,512",60.7%
16,The Curious Case of Benjamin Button,"$335,802,786","$127,509,326",38%,"$208,293,460",62%
17,Bolt,"$309,979,994","$114,053,579",36.8%,"$195,926,415",63.2%
18,Horton Hears a Who!,"$298,572,799","$154,529,439",51.8%,"$144,043,360",48.2%
19,Gran Torino,"$269,958,228","$148,095,302",54.9%,"$121,862,926",45.1%
20,"10,000 BC","$269,784,201","$94,784,201",35.1%,"$175,000,000",64.9%
21,The Incredible Hulk,"$264,770,996","$134,806,913",50.9%,"$129,964,083",49.1%
22,Marley & Me,"$255,743,093","$143,153,751",56%,"$112,589,342",44%
23,High School Musical 3,"$252,909,177","$90,559,416",35.8%,"$162,349,761",64.2%
24,Welcome to the Sticks,"$245,144,417",-,-,"$245,144,417",100%
25,Journey to the Center of the Earth,"$244,232,688","$101,704,370",41.6%,"$142,528,318",58.4%
26,The Day the Earth Stood Still,"$233,093,859","$79,366,978",34%,"$153,726,881",66%
27,Get Smart,"$230,685,453","$130,319,208",56.5%,"$100,366,245",43.5%
28,Taken,"$226,837,760","$145,000,989",63.9%,"$81,836,771",36.1%
29,Jumper,"$225,132,113","$80,172,128",35.6%,"$144,959,985",64.4%
30,Yes Man,"$223,241,637","$97,690,976",43.8%,"$125,550,661",56.2%
31,What Happens in Vegas,"$219,375,562","$80,277,646",36.6%,"$139,097,916",63.4%
32,Bedtime Stories,"$212,874,864","$110,101,975",51.7%,"$102,772,889",48.3%
33,Australia,"$211,787,511","$49,554,002",23.4%,"$162,233,509",76.6%
34,You Don't Mess with the Zohan,"$204,313,400","$100,018,837",49%,"$104,294,563",51%
35,Ponyo,"$202,551,810","$15,090,399",7.5%,"$187,461,411",92.5%
36,Valkyrie,"$201,545,517","$83,077,833",41.2%,"$118,467,684",58.8%
37,Tropic Thunder,"$195,702,811","$110,515,313",56.5%,"$85,187,498",43.5%
38,Eagle Eye,"$178,767,383","$101,440,743",56.7%,"$77,326,640",43.3%
39,Cloverfield,"$172,394,180","$80,048,433",46.4%,"$92,345,747",53.6%
40,Seven Pounds,"$169,748,929","$69,951,824",41.2%,"$99,797,105",58.8%
41,Hellboy II: The Golden Army,"$168,319,243","$75,986,503",45.1%,"$92,332,740",54.9%
42,The Spiderwick Chronicles,"$164,170,327","$71,195,053",43.4%,"$92,975,274",56.6%
43,Four Christmases,"$164,112,721","$120,146,040",73.2%,"$43,966,681",26.8%
44,Burn After Reading,"$163,728,902","$60,355,347",36.9%,"$103,373,555",63.1%
45,The Happening,"$163,403,799","$64,506,874",39.5%,"$98,896,925",60.5%
46,27 Dresses,"$162,655,351","$76,808,654",47.2%,"$85,846,697",52.8%
47,21,"$159,808,370","$81,159,365",50.8%,"$78,649,005",49.2%
48,Vantage Point,"$152,039,882","$72,266,306",47.5%,"$79,773,576",52.5%
49,Step Up 2: The Streets,"$150,816,700","$58,017,783",38.5%,"$92,798,917",61.5%
50,Beverly Hills Chihuahua,"$149,292,488","$94,514,402",63.3%,"$54,778,086",36.7%
51,Red Cliff,"$129,708,433","$627,047",0.5%,"$129,081,386",99.5%
52,The Forbidden Kingdom,"$128,779,982","$52,075,270",40.4%,"$76,704,712",59.6%
53,Step Brothers,"$128,107,642","$100,468,793",78.4%,"$27,638,849",21.6%
54,Body of Lies,"$115,900,897","$39,394,666",34%,"$76,506,231",66%
55,Saw V,"$113,864,059","$56,746,769",49.8%,"$57,117,290",50.2%
56,Changeling,"$113,398,237","$35,739,802",31.5%,"$77,658,435",68.5%
57,Rambo,"$113,244,290","$42,754,105",37.8%,"$70,490,185",62.2%
58,Fool's Gold,"$111,231,041","$70,231,041",63.1%,"$41,000,000",36.9%
59,Transporter 3,"$108,979,549","$31,715,062",29.1%,"$77,264,487",70.9%
60,The Reader,"$108,902,486","$34,194,407",31.4%,"$74,708,079",68.6%
61,Made of Honor,"$106,407,672","$46,012,734",43.2%,"$60,394,938",56.8%
62,Forgetting Sarah Marshall,"$105,833,257","$63,172,463",59.7%,"$42,660,794",40.3%
63,Pineapple Express,"$101,624,843","$87,341,380",85.9%,"$14,283,463",14.1%
64,Nim's Island,"$100,104,565","$48,006,762",48%,"$52,097,803",52%
65,Vicky Cristina Barcelona,"$96,409,300","$23,216,709",24.1%,"$73,192,591",75.9%
66,Speed Racer,"$93,945,766","$43,945,766",46.8%,"$50,000,000",53.2%
67,Role Models,"$92,649,419","$67,294,270",72.6%,"$25,355,149",27.4%
68,Max Payne,"$87,066,930","$40,689,393",46.7%,"$46,377,537",53.3%
69,The Tale of Despereaux,"$86,957,280","$50,877,145",58.5%,"$36,080,135",41.5%
70,Meet the Spartans,"$85,897,593","$38,233,676",44.5%,"$47,663,917",55.5%
71,Nights in Rodanthe,"$84,375,346","$41,850,659",49.6%,"$42,524,687",50.4%
72,The Strangers,"$82,410,456","$52,597,610",63.8%,"$29,812,846",36.2%
73,Righteous Kill,"$78,460,699","$40,081,410",51.1%,"$38,379,289",48.9%
74,The Other Boleyn Girl,"$78,199,679","$26,814,957",34.3%,"$51,384,722",65.7%
75,Mirrors,"$78,094,714","$30,691,439",39.3%,"$47,403,275",60.7%
76,Death Race,"$76,014,335","$36,316,032",47.8%,"$39,698,303",52.2%
77,Revolutionary Road,"$75,981,180","$22,911,480",30.2%,"$53,069,700",69.8%
78,Babylon A.D.,"$72,109,200","$22,532,572",31.2%,"$49,576,628",68.8%
79,Superhero Movie,"$71,571,300","$25,881,068",36.2%,"$45,690,232",63.8%
80,Hannah Montana and Miley Cyrus: Best of Both Worlds Concert,"$70,642,966","$65,281,781",92.4%,"$5,361,185",7.6%
81,Departures,"$70,442,129","$1,498,210",2.1%,"$68,943,919",97.9%
82,The House Bunny,"$70,439,696","$48,237,389",68.5%,"$22,202,307",31.5%
83,The X Files: I Want to Believe,"$69,363,381","$20,982,478",30.3%,"$48,380,903",69.7%
84,Star Wars: The Clone Wars,"$68,282,844","$35,161,554",51.5%,"$33,121,290",48.5%
85,Street Kings,"$66,476,363","$26,418,667",39.7%,"$40,057,696",60.3%
86,Space Chimps,"$65,097,693","$30,105,968",46.2%,"$34,991,725",53.8%
87,The Bank Job,"$64,822,796","$30,060,660",46.4%,"$34,762,136",53.6%
88,Baby Mama,"$64,444,713","$60,494,212",93.9%,"$3,950,501",6.1%
89,Inkheart,"$62,803,180","$17,303,424",27.6%,"$45,499,756",72.4%
90,The Eye,"$58,010,320","$31,418,697",54.2%,"$26,591,623",45.8%
91,Prom Night,"$57,197,876","$43,869,350",76.7%,"$13,328,526",23.3%
92,"Definitely, Maybe","$55,990,299","$32,241,649",57.6%,"$23,748,650",42.4%
93,Milk,"$54,589,558","$31,841,299",58.3%,"$22,748,259",41.7%
94,Untraceable,"$52,933,513","$28,687,835",54.2%,"$24,245,678",45.8%
95,Doubt,"$51,699,984","$33,446,470",64.7%,"$18,253,514",35.3%
96,College Road Trip,"$51,549,674","$45,610,425",88.5%,"$5,939,249",11.5%
97,Meet Dave,"$51,339,567","$11,803,254",23%,"$39,536,313",77%
98,Defiance,"$51,262,751","$28,644,813",55.9%,"$22,617,938",44.1%
99,The Women,"$50,007,546","$26,902,075",53.8%,"$23,105,471",46.2%
100,Drillbit Taylor,"$49,944,325","$32,862,104",65.8%,"$17,082,221",34.2%
101,CJ7,"$49,529,913","$207,378",0.4%,"$49,322,535",99.6%
102,The Hurt Locker,"$49,230,772","$17,017,811",34.6%,"$32,212,961",65.4%
103,Shutter,"$48,555,306","$25,928,550",53.4%,"$22,626,756",46.6%
104,One Missed Call,"$45,847,751","$26,890,041",58.7%,"$18,957,710",41.3%
105,The Wrestler,"$44,734,660","$26,238,243",58.7%,"$18,496,417",41.3%
106,Lakeview Terrace,"$44,655,002","$39,263,506",87.9%,"$5,391,496",12.1%
107,The Sisterhood of the Traveling Pants 2,"$44,352,417","$44,089,964",99.4%,"$262,453",0.6%
108,The Good the Bad the Weird,"$44,261,209","$128,486",0.3%,"$44,132,723",99.7%
109,Semi-Pro,"$44,004,502","$33,479,698",76.1%,"$10,524,804",23.9%
110,"Welcome Home, Roscoe Jenkins","$43,655,418","$42,436,517",97.2%,"$1,218,901",2.8%
111,Harold & Kumar Escape from Guantanamo Bay,"$43,495,888","$38,108,728",87.6%,"$5,387,160",12.4%
112,The Duchess,"$43,343,384","$13,848,978",32%,"$29,494,406",68%
113,Zack and Miri Make a Porno,"$42,782,463","$31,457,946",73.5%,"$11,324,517",26.5%
114,Bangkok Dangerous,"$42,487,390","$15,298,133",36%,"$27,189,257",64%
115,Meet the Browns,"$41,975,388","$41,975,388",100%,-,-
116,Fly Me to the Moon 3D,"$41,721,414","$13,816,982",33.1%,"$27,904,432",66.9%
117,Never Back Down,"$41,627,431","$24,850,922",59.7%,"$16,776,509",40.3%
118,My Best Friend's Girl,"$41,624,687","$19,219,250",46.2%,"$22,405,437",53.8%
119,Quarantine,"$41,319,906","$31,691,811",76.7%,"$9,628,095",23.3%
120,Leatherheads,"$41,319,039","$31,373,938",75.9%,"$9,945,101",24.1%
121,The Love Guru,"$40,877,556","$32,235,793",78.9%,"$8,641,763",21.1%
122,The Boy in the Striped Pajamas,"$40,416,563","$9,046,156",22.4%,"$31,370,407",77.6%
123,The Secret Life of Bees,"$39,952,437","$37,770,162",94.5%,"$2,182,275",5.5%
124,The Spirit,"$39,164,441","$19,806,188",50.6%,"$19,358,253",49.4%
125,First Sunday,"$38,810,311","$37,931,869",97.7%,"$878,442",2.3%
126,Ghajini,"$38,316,584","$2,430,627",6.3%,"$35,885,957",93.7%
127,The Family That Preys,"$37,105,289","$37,105,289",100%,-,-
128,Gomorrah,"$34,861,529","$1,579,146",4.5%,"$33,282,383",95.5%
129,Disaster Movie,"$34,816,824","$14,190,901",40.8%,"$20,625,923",59.2%
130,In Bruges,"$34,085,749","$7,800,824",22.9%,"$26,284,925",77.1%
131,Nick and Norah's Infinite Playlist,"$33,556,631","$31,487,293",93.8%,"$2,069,338",6.2%
132,Fireproof,"$33,473,297","$33,456,317",99.9%,"$16,980",<0.1%
133,Last Chance Harvey,"$32,566,966","$14,889,042",45.7%,"$17,677,924",54.3%
134,Pride and Glory,"$31,200,557","$15,740,721",50.5%,"$15,459,836",49.5%
135,Igor,"$30,893,885","$19,528,602",63.2%,"$11,365,283",36.8%
136,Be Kind Rewind,"$30,579,406","$11,175,164",36.5%,"$19,404,242",63.5%
137,Rab Ne Bana Di Jodi,"$29,914,469","$2,078,956",6.9%,"$27,835,513",93.1%
138,W.,"$29,560,587","$25,534,493",86.4%,"$4,026,094",13.6%
139,The Class,"$29,303,505","$3,766,810",12.9%,"$25,536,695",87.1%
140,Singh Is King,"$29,169,677","$2,159,376",7.4%,"$27,010,301",92.6%
141,Appaloosa,"$27,712,362","$20,211,394",72.9%,"$7,500,968",27.1%
142,Traitor,"$27,674,464","$23,530,831",85%,"$4,143,633",15%
143,Frost/Nixon,"$27,426,335","$18,622,031",67.9%,"$8,804,304",32.1%
144,Ghost Town,"$27,090,159","$13,367,624",49.3%,"$13,722,535",50.7%
145,The Baader Meinhof Complex,"$26,937,355","$476,270",1.8%,"$26,461,085",98.2%
146,Jodhaa Akbar,"$26,890,354","$3,440,718",12.8%,"$23,449,636",87.2%
147,Mad Money,"$26,412,163","$20,668,843",78.3%,"$5,743,320",21.7%
148,RocknRolla,"$25,740,863","$5,700,626",22.1%,"$20,040,237",77.9%
149,Race,"$24,503,269","$1,367,024",5.6%,"$23,136,245",94.4%
150,Paris,"$23,328,518","$1,010,194",4.3%,"$22,318,324",95.7%
151,Under the Same Moon,"$23,313,049","$12,590,147",54%,"$10,722,902",46%
152,The Ruins,"$22,818,256","$17,432,844",76.4%,"$5,385,412",23.6%
153,U2 3D,"$22,730,842","$10,363,341",45.6%,"$12,367,501",54.4%
154,The Accidental Husband,"$22,707,064",-,-,"$22,707,064",100%
155,Doomsday,"$22,472,631","$11,008,770",49%,"$11,463,861",51%
156,I've Loved You So Long,"$22,272,176","$3,169,305",14.2%,"$19,102,871",85.8%
157,Over Her Dead Body,"$21,458,111","$7,563,670",35.2%,"$13,894,441",64.8%
158,Jaane Tu... Ya Jaane Na,"$19,852,786","$604,037",3%,"$19,248,749",97%
159,Blindness,"$19,844,979","$3,351,751",16.9%,"$16,493,228",83.1%
160,How to Lose Friends & Alienate People,"$19,152,009","$2,778,752",14.5%,"$16,373,257",85.5%
161,Sex Drive,"$18,755,936","$8,402,485",44.8%,"$10,353,451",55.2%
162,Happy-Go-Lucky,"$18,696,602","$3,512,016",18.8%,"$15,184,586",81.2%
163,Easy Virtue,"$18,463,793","$2,656,784",14.4%,"$15,807,009",85.6%
164,Kabei: Our Mother,"$18,385,964","$14,416",<0.1%,"$18,371,548",99.9%
165,The Visitor,"$18,197,518","$9,427,089",51.8%,"$8,770,429",48.2%
166,City of Ember,"$17,929,684","$7,873,007",43.9%,"$10,056,677",56.1%
167,Friendship,"$17,779,520","$1,243,910",7%,"$16,535,610",93%
168,Deception,"$17,772,506","$4,598,506",25.9%,"$13,174,000",74.1%
169,Reign of Government,"$17,722,998","$1,009,065",5.7%,"$16,713,933",94.3%
170,Kit Kittredge: An American Girl,"$17,657,973","$17,657,973",100%,-,-
171,The Oxford Murders,"$17,646,627","$4,803",<0.1%,"$17,641,824",100%
172,Swing Vote,"$17,634,313","$16,289,867",92.4%,"$1,344,446",7.6%
173,Rachel Getting Married,"$16,937,968","$12,796,841",75.6%,"$4,141,127",24.4%
174,Miss Pettigrew Lives for a Day,"$16,724,933","$12,313,694",73.6%,"$4,411,239",26.4%
175,Two Lovers,"$16,303,643","$3,149,034",19.3%,"$13,154,609",80.7%
176,Shine a Light,"$15,773,351","$5,505,267",34.9%,"$10,268,084",65.1%
177,The Haunting of Molly Hartley,"$15,418,749","$13,559,812",87.9%,"$1,858,937",12.1%
178,Elegy,"$14,894,347","$3,581,642",24%,"$11,312,705",76%
179,Religulous,"$13,639,115","$13,011,160",95.4%,"$627,955",4.6%
180,Brideshead Revisited,"$13,451,186","$6,432,256",47.8%,"$7,018,930",52.2%
181,The Pirates Who Don't Do Anything: A VeggieTales Movie,"$13,247,725","$12,981,269",98%,"$266,456",2%
182,Bhootnath,"$13,236,817","$476,032",3.6%,"$12,760,785",96.4%
183,Paris 36,"$12,940,622","$851,540",6.6%,"$12,089,082",93.4%
184,Cherry Blossoms,"$12,861,658","$104,589",0.8%,"$12,757,069",99.2%
185,Soul Men,"$12,331,637","$12,082,391",98%,"$249,246",2%
186,Smart People,"$11,843,604","$9,511,289",80.3%,"$2,332,315",19.7%
187,The Longshots,"$11,767,866","$11,537,046",98%,"$230,820",2%
188,Watch Out Ladies,"$11,386,430","$702,166",6.2%,"$10,684,264",93.8%
189,Quiet Chaos,"$11,326,121","$11,434",0.1%,"$11,314,687",99.9%
190,Tashan,"$11,283,337","$457,380",4.1%,"$10,825,957",95.9%
191,Il Divo,"$11,260,366","$240,159",2.1%,"$11,020,207",97.9%
192,Let the Right One In,"$11,227,336","$2,122,065",18.9%,"$9,105,271",81.1%
193,Stop-Loss,"$11,212,953","$10,915,744",97.3%,"$297,209",2.7%
194,Waltz with Bashir,"$11,179,372","$2,283,849",20.4%,"$8,895,523",79.6%
195,Rudo y Cursi,"$11,169,232","$1,827,660",16.4%,"$9,341,572",83.6%
196,Kismat Konnection,"$11,019,454","$490,154",4.4%,"$10,529,300",95.6%
197,U Me Aur Hum,"$10,948,019","$1,028,191",9.4%,"$9,919,828",90.6%
198,Son of Rambow,"$10,871,449","$1,785,505",16.4%,"$9,085,944",83.6%
199,Flame & Citron,"$10,186,084","$148,089",1.5%,"$10,037,995",98.5%
200,Punisher: War Zone,"$10,161,493","$8,050,977",79.2%,"$2,110,516",20.8%
201,Let's Talk About the Rain,"$10,134,366","$111,844",1.1%,"$10,022,522",98.9%
202,The Express,"$9,808,124","$9,793,406",99.8%,"$14,718",0.2%
203,Mid-August Lunch,"$9,520,933","$675,299",7.1%,"$8,845,634",92.9%
204,Miracle at St. Anna,"$9,333,654","$7,919,117",84.8%,"$1,414,537",15.2%
205,Seraphine,"$9,329,376","$884,613",9.5%,"$8,444,763",90.5%
206,Ong Bak 2,"$8,936,663","$102,458",1.1%,"$8,834,205",98.9%
207,Cadillac Records,"$8,883,644","$8,195,551",92.3%,"$688,093",7.7%
208,The Rocker,"$8,808,935","$6,409,528",72.8%,"$2,399,407",27.2%
209,Dolphins and Whales 3D: Tribes of the Ocean,"$8,808,659","$7,714,996",87.6%,"$1,093,663",12.4%
210,Big Stan,"$8,742,330",-,-,"$8,742,330",100%
211,How She Move,"$8,659,212","$7,070,641",81.7%,"$1,588,571",18.3%
212,Fashion,"$8,658,713","$191,442",2.2%,"$8,467,271",97.8%
213,Then She Found Me,"$8,443,998","$3,735,717",44.2%,"$4,708,281",55.8%
214,Death Defying Acts,"$8,394,639","$5,665",<0.1%,"$8,388,974",99.9%
215,My Mom's New Boyfriend,"$7,963,718",-,-,"$7,963,718",100%
216,Funny Games,"$7,938,872","$1,294,919",16.3%,"$6,643,953",83.7%
217,Summer Hours,"$7,835,857","$1,657,001",21.1%,"$6,178,856",78.9%
218,The Children of Huang Shi,"$7,785,317","$1,031,872",13.3%,"$6,753,445",86.7%
219,Expelled: No Intelligence Allowed,"$7,720,487","$7,720,487",100%,-,-
220,Thoda Pyaar Thoda Magic,"$7,631,012","$365,401",4.8%,"$7,265,611",95.2%
221,Kidnap,"$7,601,003",-,-,"$7,601,003",100%
222,The Girl from Monaco,"$7,553,160","$602,992",8%,"$6,950,168",92%
223,Nothing Like the Holidays,"$7,519,490","$7,503,736",99.8%,"$15,754",0.2%
224,Mere Baap Pehle Aap,"$7,433,423","$113,576",1.5%,"$7,319,847",98.5%
225,Lemon Tree,"$7,387,488","$569,672",7.7%,"$6,817,816",92.3%
226,A Christmas Tale,"$7,356,393","$1,060,922",14.4%,"$6,295,471",85.6%
227,Krazzy 4,"$7,274,081","$487,215",6.7%,"$6,786,866",93.3%
228,The Life Before Her Eyes,"$7,248,490","$303,439",4.2%,"$6,945,051",95.8%
229,Young@Heart,"$7,097,002","$3,992,189",56.3%,"$3,104,813",43.7%
230,Outlander,"$7,034,698","$166,003",2.4%,"$6,868,695",97.6%
231,An American Carol,"$7,013,191","$7,013,191",100%,-,-
232,Strange Wilderness,"$6,964,734","$6,575,282",94.4%,"$389,452",5.6%
233,North Face,"$6,815,056","$711,421",10.4%,"$6,103,635",89.6%
234,What Just Happened,"$6,710,888","$1,090,947",16.3%,"$5,619,941",83.7%
235,College,"$6,265,483","$4,694,636",74.9%,"$1,570,847",25.1%
236,One Two Three,"$6,090,432","$274,589",4.5%,"$5,815,843",95.5%
237,Transsiberian,"$5,926,410","$2,206,405",37.2%,"$3,720,005",62.8%
238,Passengers,"$5,787,152","$292,437",5.1%,"$5,494,715",94.9%
239,The Burning Plain,"$5,642,478","$200,730",3.6%,"$5,441,748",96.4%
240,The Legend of Drona,"$5,476,404","$475,104",8.7%,"$5,001,300",91.3%
241,Frozen River,"$5,457,664","$2,511,476",46%,"$2,946,188",54%
242,Virgin Territory,"$5,410,749",-,-,"$5,410,749",100%
243,Diary of the Dead,"$5,364,858","$958,961",17.9%,"$4,405,897",82.1%
244,Man on Wire,"$5,258,569","$2,962,242",56.3%,"$2,296,327",43.7%
245,Charlie Bartlett,"$5,254,986","$3,951,699",75.2%,"$1,303,287",24.8%
246,Prince,"$5,167,952","$570,090",11%,"$4,597,862",89%
247,Lorna's Silence,"$5,123,676","$338,795",6.6%,"$4,784,881",93.4%
248,Hamlet 2,"$4,925,288","$4,886,216",99.2%,"$39,072",0.8%
249,Cloud 9,"$4,864,463","$91,675",1.9%,"$4,772,788",98.1%
250,God You Are Great,"$4,807,638","$163,756",3.4%,"$4,643,882",96.6%
251,Flash of Genius,"$4,802,953","$4,442,377",92.5%,"$360,576",7.5%
252,Bottle Shock,"$4,628,553","$4,078,607",88.1%,"$549,946",11.9%
253,"Synecdoche, New York","$4,471,324","$3,083,538",69%,"$1,387,786",31%
254,Heroes,"$4,229,775","$655,538",15.5%,"$3,574,237",84.5%
255,Witless Protection,"$4,161,625","$4,161,625",100%,-,-
256,Eden Lake,"$3,983,997","$7,321",0.2%,"$3,976,676",99.8%
257,Choke,"$3,982,459","$2,926,565",73.5%,"$1,055,894",26.5%
258,The Fall,"$3,669,465","$2,266,905",61.8%,"$1,402,560",38.2%
259,The Midnight Meat Train,"$3,534,313","$83,361",2.4%,"$3,450,952",97.6%
260,Still Walking,"$3,511,120","$167,047",4.8%,"$3,344,073",95.2%
261,Everlasting Moments,"$3,334,754","$610,825",18.3%,"$2,723,929",81.7%
262,"Patrik, Age 1.5","$3,259,068","$57,468",1.8%,"$3,201,600",98.2%
263,Pathology,"$3,234,706","$109,846",3.4%,"$3,124,860",96.6%
264,Chocolate,"$3,179,014","$14,845",0.5%,"$3,164,169",99.5%
265,The Wackness,"$3,175,469","$2,077,116",65.4%,"$1,098,353",34.6%
266,Killshot,"$2,961,647","$18,643",0.6%,"$2,943,004",99.4%
267,Married Life,"$2,888,315","$1,507,990",52.2%,"$1,380,325",47.8%
268,"Moscow, Belgium","$2,842,635",-,-,"$2,842,635",100%
269,Terribly Happy,"$2,828,984","$170,943",6%,"$2,658,041",94%
270,Every Little Step,"$2,769,763","$1,725,141",62.3%,"$1,044,622",37.7%
271,Hunger,"$2,724,474","$154,084",5.7%,"$2,570,390",94.3%
272,Redbelt,"$2,674,090","$2,345,941",87.7%,"$328,149",12.3%
273,The Nightmare Before Christmas 2009 3D Release,"$2,578,558","$1,109,188",43%,"$1,469,370",57%
274,JCVD,"$2,342,211","$470,691",20.1%,"$1,871,520",79.9%
275,Teeth,"$2,340,110","$347,578",14.9%,"$1,992,532",85.1%
276,Disgrace,"$2,291,680","$69,705",3%,"$2,221,975",97%
277,The Beaches of Agnès,"$2,225,430","$239,711",10.8%,"$1,985,719",89.2%
278,Home 2008 Re-release,"$2,186,716","$15,925",0.7%,"$2,170,791",99.3%
279,The Black Balloon,"$2,136,663",-,-,"$2,136,663",100%
280,Mutant Chronicles,"$2,131,057","$6,820",0.3%,"$2,124,237",99.7%
281,Roadside Romeo,"$1,978,021","$55,202",2.8%,"$1,922,819",97.2%
282,Ashes of Time,"$1,977,198","$174,273",8.8%,"$1,802,925",91.2%
283,Oye Lucky! Lucky Oye!,"$1,976,868","$80,037",4%,"$1,896,831",96%
284,Henry Poole Is Here,"$1,923,800","$1,836,515",95.5%,"$87,285",4.5%
285,Smother,"$1,851,790",-,-,"$1,851,790",100%
286,A Woman in Berlin,"$1,847,322","$294,014",15.9%,"$1,553,308",84.1%
287,Che: Part One/Che: Part Two,"$1,778,287","$1,497,109",84.2%,"$281,178",15.8%
288,The Polar Express 2008 IMAX Release,"$1,705,694","$1,705,694",100%,-,-
289,A Thousand Years of Good Prayers,"$1,665,585","$76,806",4.6%,"$1,588,779",95.4%
290,Talento de barrio,"$1,650,198","$68,542",4.2%,"$1,581,656",95.8%
291,The Hottie & the Nottie,"$1,596,232","$27,696",1.7%,"$1,568,536",98.3%
292,"Mèche Blanche, les aventures du petit castor","$1,591,520","$360,886",22.7%,"$1,230,634",77.3%
293,Good,"$1,552,024","$27,276",1.8%,"$1,524,748",98.2%
294,Gonzo,"$1,491,958","$1,252,100",83.9%,"$239,858",16.1%
295,Ek Vivaah... Aisa Bhi,"$1,456,886","$6,437",0.4%,"$1,450,449",99.6%
296,Food Beware: The French Organic Revolution,"$1,429,635","$1,181",<0.1%,"$1,428,454",99.9%
297,Bonneville,"$1,338,570","$488,393",36.5%,"$850,177",63.5%
298,Julia,"$1,333,241","$65,108",4.9%,"$1,268,133",95.1%
299,Before the Rains,"$1,316,722","$1,029,655",78.2%,"$287,067",21.8%
300,"War, Inc.","$1,296,184","$580,862",44.8%,"$715,322",55.2%
301,In Search of a Midnight Kiss,"$1,294,176","$172,605",13.3%,"$1,121,571",86.7%
302,Encounters at the End of the World,"$1,205,464","$944,933",78.4%,"$260,531",21.6%
303,Mumbai Meri Jaan,"$1,203,043","$16,407",1.4%,"$1,186,636",98.6%
304,Boy A,"$1,202,375","$113,662",9.5%,"$1,088,713",90.5%
305,Wendy and Lucy,"$1,192,655","$865,695",72.6%,"$326,960",27.4%
306,Tokyo!,"$1,189,862","$351,059",29.5%,"$838,803",70.5%
307,House,"$1,141,018","$575,048",50.4%,"$565,970",49.6%
308,American Teen,"$1,130,270","$942,441",83.4%,"$187,829",16.6%
309,Flashbacks of a Fool,"$1,117,269","$1,664",0.1%,"$1,115,605",99.9%
310,Surveillance,"$1,115,493","$27,349",2.5%,"$1,088,144",97.5%
311,Up the Yangtze,"$1,029,211","$783,969",76.2%,"$245,242",23.8%
312,La Bohème,"$1,026,897","$54,464",5.3%,"$972,433",94.7%
313,Tokyo Sonata,"$940,430","$278,356",29.6%,"$662,074",70.4%
314,Battle in Seattle,"$908,847","$224,169",24.7%,"$684,678",75.3%
315,Go Go Tales,"$907,456",-,-,"$907,456",100%
316,Revanche,"$886,407","$258,388",29.2%,"$628,019",70.8%
317,Emma Smith: My Story,"$881,787","$881,787",100%,-,-
318,Fugitive Pieces,"$843,945","$635,783",75.3%,"$208,162",24.7%
319,I.O.U.S.A.,"$826,799","$821,046",99.3%,"$5,753",0.7%
320,Leonera,"$822,504","$14,739",1.8%,"$807,765",98.2%
321,Blonde and Blonder,"$779,273","$42,183",5.4%,"$737,090",94.6%
322,Forever Strong,"$719,556","$719,556",100%,-,-
323,Free Style,"$716,355","$141,108",19.7%,"$575,247",80.3%
324,$9.99,"$708,354","$52,384",7.4%,"$655,970",92.6%
325,Delgo,"$694,782","$694,782",100%,-,-
326,Donkey Punch,"$694,422","$19,367",2.8%,"$675,055",97.2%
327,Tony Manero,"$687,406","$20,677",3%,"$666,729",97%
328,Towelhead,"$675,662","$372,124",55.1%,"$303,538",44.9%
329,Anamorph,"$674,839","$6,950",1%,"$667,889",99%
330,Beer for My Horses,"$666,045","$666,045",100%,-,-
331,Where in the World Is Osama Bin Laden?,"$651,778","$384,955",59.1%,"$266,823",40.9%
332,Mera Pind: My Home,"$630,370","$176,976",28.1%,"$453,394",71.9%
333,Wild West Comedy Show: 30 Days & 30 Nights - Hollywood to the Heartland,"$603,894","$603,894",100%,-,-
334,My Father My Lord,"$571,566","$203,708",35.6%,"$367,858",64.4%
335,The Wedding Song,"$558,489","$31,160",5.6%,"$527,329",94.4%
336,Timecrimes,"$553,198","$39,127",7.1%,"$514,071",92.9%
337,Nobel Son,"$545,582","$540,382",99%,"$5,200",1%
338,Noah's Arc: Jumping the Broom,"$532,878","$532,878",100%,-,-
339,Everybody Wants to Be Italian,"$532,726","$351,416",66%,"$181,310",34%
340,Of Time and the City,"$523,417","$32,677",6.2%,"$490,740",93.8%
341,Trouble the Water,"$522,766","$520,151",99.5%,"$2,615",0.5%
342,Splinter,"$510,358","$14,154",2.8%,"$496,204",97.2%
343,The 2007 Academy Award Nominated Short Films: Live Action,"$508,695","$508,695",100%,-,-
344,The Other End of the Line,"$507,534","$115,592",22.8%,"$391,942",77.2%
345,The Stone Angel,"$473,993","$459,166",96.9%,"$14,827",3.1%
346,The Broken Line,"$466,309","$466,309",100%,-,-
347,The Promotion,"$457,690","$408,709",89.3%,"$48,981",10.7%
348,Fear(s) of the Dark,"$450,813","$77,876",17.3%,"$372,937",82.7%
349,The Hammer,"$443,591","$443,591",100%,-,-
350,Santa vs. the Snowman 3D 2008 Re-release,"$438,385","$433,797",99%,"$4,588",1%
351,Snow Angels,"$414,404","$402,858",97.2%,"$11,546",2.8%
352,Mister Lonely,"$407,674","$167,396",41.1%,"$240,278",58.9%
353,The Signal,"$401,462","$251,150",62.6%,"$150,312",37.4%
354,While She Was Out,"$391,410",-,-,"$391,410",100%
355,Hell Ride,"$390,128","$213,608",54.8%,"$176,520",45.2%
356,The Escapist,"$388,174","$13,439",3.5%,"$374,735",96.5%
357,Everything Is Fine,"$373,360","$336,569",90.1%,"$36,791",9.9%
358,Filth and Wisdom,"$354,628","$22,406",6.3%,"$332,222",93.7%
359,Billy: The Early Years,"$347,328","$347,328",100%,-,-
360,Meet Bill,"$346,592","$62,597",18.1%,"$283,995",81.9%
361,Standard Operating Procedure,"$324,217","$229,117",70.7%,"$95,100",29.3%
362,Bigger Stronger Faster*,"$308,575","$308,575",100%,-,-
363,The Headless Woman,"$305,766","$100,177",32.8%,"$205,589",67.2%
364,Planet B-Boy,"$300,447","$273,870",91.2%,"$26,577",8.8%
365,Taxi to the Dark Side,"$294,309","$274,661",93.3%,"$19,648",6.7%
366,Surfwise,"$294,236","$269,994",91.8%,"$24,242",8.2%
367,Chaos Theory,"$289,458","$240,476",83.1%,"$48,982",16.9%
368,The Lucky Ones,"$287,567","$266,967",92.8%,"$20,600",7.2%
369,My Winnipeg,"$285,469","$159,363",55.8%,"$126,106",44.2%
370,Lola Montès,"$280,314","$120,306",42.9%,"$160,008",57.1%
371,Wonderful Town,"$277,233","$4,487",1.6%,"$272,746",98.4%
372,Morning Light,"$275,776","$275,497",99.9%,$279,0.1%
373,Harvard Beats Yale 29-29,"$268,431","$268,431",100%,-,-
374,Shoot on Sight,"$264,617",-,-,"$264,617",100%
375,The Secrets,"$264,006","$122,094",46.2%,"$141,912",53.8%
376,Beaufort,"$255,780","$102,591",40.1%,"$153,189",59.9%
377,The 13th Alley,"$250,992","$250,992",100%,-,-
378,Enlighten Up!,"$246,649","$246,649",100%,-,-
379,The Foot Fist Way,"$245,292","$234,286",95.5%,"$11,006",4.5%
380,The Legend of God's Gun,"$243,768","$243,768",100%,-,-
381,CSNY/Déjà Vu,"$232,260","$65,025",28%,"$167,235",72%
382,Miss Conception,"$228,928","$2,134",0.9%,"$226,794",99.1%
383,Sixty Six 2008 Re-release,"$224,614","$224,614",100%,-,-
384,Chop Shop,"$222,776","$125,045",56.1%,"$97,731",43.9%
385,The Song of Sparrows,"$220,360","$116,372",52.8%,"$103,988",47.2%
386,Chris & Don. A Love Story,"$216,110","$216,110",100%,-,-
387,How the Garcia Girls Spent Their Summer,"$215,303","$215,303",100%,-,-
388,Call + Response,"$215,185","$215,185",100%,-,-
389,Stranded: I've Come from a Plane That Crashed on the Mountains,"$210,754","$89,473",42.5%,"$121,281",57.5%
390,Sleepwalking,"$208,995","$170,392",81.5%,"$38,603",18.5%
391,La traviata,"$195,494","$195,494",100%,-,-
392,One Day You'll Understand,"$195,366","$145,642",74.5%,"$49,724",25.5%
393,The Princess of Nebraska,"$191,887",-,-,"$191,887",100%
394,Repo! The Genetic Opera,"$188,126","$146,750",78%,"$41,376",22%
395,Bustin' Down the Door,"$187,827","$109,427",58.3%,"$78,400",41.7%
396,Chapter 27,"$187,488","$56,215",30%,"$131,273",70%
397,"Not Quite Hollywood: The Wild, Untold Story of Ozploitation!","$180,957","$21,152",11.7%,"$159,805",88.3%
398,Constantine's Sword,"$179,507","$179,507",100%,-,-
399,Chicago 10,"$177,490","$177,490",100%,-,-
400,My Name Is Bruce,"$173,066","$173,066",100%,-,-
401,Owl and the Sparrow,"$170,324","$47,071",27.6%,"$123,253",72.4%
402,Amusement,"$170,255",-,-,"$170,255",100%
403,Girls Rock!,"$159,294","$159,294",100%,-,-
404,Service,"$155,156","$64,536",41.6%,"$90,620",58.4%
405,Contempt 2008 Re-release,"$153,619","$153,619",100%,-,-
406,Stuck,"$151,449","$67,505",44.6%,"$83,944",55.4%
407,Sky Kids,"$144,680","$144,680",100%,-,-
408,Last Year at Marienbad,"$144,492","$144,492",100%,-,-
409,Shelter,"$142,666","$142,666",100%,-,-
410,Flow: For Love of Water,"$142,569","$142,569",100%,-,-
411,Baghead,"$140,106","$140,106",100%,-,-
412,Hounddog,"$131,961","$131,961",100%,-,-
413,Ballerina,"$131,460","$114,507",87.1%,"$16,953",12.9%
414,Proud American,"$131,357","$131,357",100%,-,-
415,Love Comes Lately,"$127,958","$78,079",61%,"$49,879",39%
416,The First Saturday in May,"$124,294","$124,294",100%,-,-
417,Were the World Mine,"$123,789","$123,789",100%,-,-
418,Momma's Man,"$123,385","$100,435",81.4%,"$22,950",18.6%
419,The Grand,"$115,879","$115,879",100%,-,-
420,Berlin,"$114,860","$33,231",28.9%,"$81,629",71.1%
421,Oh My God,"$113,792","$38,244",33.6%,"$75,548",66.4%
422,Absurdistan,"$113,269","$39,683",35%,"$73,586",65%
423,Trumbo,"$109,057","$109,057",100%,-,-
424,Sleep Dealer,"$107,559","$80,136",74.5%,"$27,423",25.5%
425,The Alphabet Killer,"$106,596","$29,784",27.9%,"$76,812",72.1%
426,A Jihad for Love,"$105,651","$105,651",100%,-,-
427,Another Gay Sequel: Gays Gone Wild!,"$104,828","$104,828",100%,-,-
428,Roman Polanski: Wanted and Desired,"$100,458","$59,192",58.9%,"$41,266",41.1%
429,Purple Noon,"$98,311",-,-,"$98,311",100%
430,Kabluey,"$96,663","$83,506",86.4%,"$13,157",13.6%
431,Louise Bourgeois,"$96,443","$95,865",99.4%,$578,0.6%
432,Greetings from the Shore,"$96,314","$96,314",100%,-,-
433,The Pool,"$95,102","$95,102",100%,-,-
434,Bicycle Thieves 2008 Re-release,"$94,685","$36,818",38.9%,"$57,867",61.1%
435,The Unforeseen,"$90,287","$90,287",100%,-,-
436,Pray the Devil Back to Hell,"$90,066","$90,066",100%,-,-
437,Little Chenier,"$87,939","$87,939",100%,-,-
438,Woman on the Beach 2008 Re-release,"$87,635","$23,686",27%,"$63,949",73%
439,Deal,"$85,076","$61,626",72.4%,"$23,450",27.6%
440,"Me & You, Us, Forever","$84,093","$84,093",100%,-,-
441,Save Me,"$83,397","$83,397",100%,-,-
442,Maria Stuarda at La Scala,"$83,214","$83,214",100%,-,-
443,Praying with Lior,"$82,553","$82,553",100%,-,-
444,Humboldt County,"$82,357","$82,357",100%,-,-
445,Patti Smith: Dream of Life,"$81,113","$30,918",38.1%,"$50,195",61.9%
446,Il trittico dell'amore,"$80,374","$80,374",100%,-,-
447,Ballast,"$79,710","$77,556",97.3%,"$2,154",2.7%
448,Cover,"$79,436","$79,436",100%,-,-
449,Ping Pong Playa,"$77,907","$77,907",100%,-,-
450,Finding Amanda,"$77,410","$57,297",74%,"$20,113",26%
451,America the Beautiful,"$76,173","$76,173",100%,-,-
452,August Evening,"$74,759","$74,759",100%,-,-
453,Shoot Down,"$74,421","$74,421",100%,-,-
454,A Four Letter Word,"$73,445","$72,568",98.8%,$877,1.2%
455,Body of War,"$71,716","$71,716",100%,-,-
456,Big Man Japan 2008 Re-release,"$70,681","$40,796",57.7%,"$29,885",42.3%
457,The Business of Being Born,"$69,991","$69,991",100%,-,-
458,Take Out,"$69,816","$69,816",100%,-,-
459,Dark Matter,"$69,379","$30,591",44.1%,"$38,788",55.9%
460,Happy Valley,"$67,665","$67,665",100%,-,-
461,Allah Made Me Funny: Live in Concert,"$66,903","$66,903",100%,-,-
462,The Wild Child,"$65,051","$65,051",100%,-,-
463,Expired,"$65,003","$29,796",45.8%,"$35,207",54.2%
464,Bloodline,"$64,698","$64,698",100%,-,-
465,Monsieur Verdoux,"$64,636","$64,636",100%,-,-
466,Beautiful Losers,"$64,064","$56,386",88%,"$7,678",12%
467,A Plumm Summer,"$63,521","$63,521",100%,-,-
468,The Order of Myths,"$62,645","$62,645",100%,-,-
469,The Elephant King,"$61,122","$22,251",36.4%,"$38,871",63.6%
470,Boogie Man: The Lee Atwater Story,"$60,332","$60,332",100%,-,-
471,What We Do Is Secret,"$58,776","$58,776",100%,-,-
472,Extreme Movie,"$54,822",-,-,"$54,822",100%
473,Ugly Me 2008 Re-release,"$53,250","$53,250",100%,-,-
474,La forza del destino,"$52,577","$52,577",100%,-,-
475,Dare Not Walk Alone,"$52,166","$52,166",100%,-,-
476,"Surfer, Dude","$52,132","$52,132",100%,-,-
477,Gunnin' for That #1 Spot,"$50,950","$50,804",99.7%,$146,0.3%
478,"Tristan und Isolde, Azione in tre atti","$50,172","$50,172",100%,-,-
479,Afterschool,"$49,971","$3,911",7.8%,"$46,060",92.2%
480,Ciao,"$49,494","$49,494",100%,-,-
481,La Rondine,"$49,088","$49,088",100%,-,-
482,Box Elder,"$48,996","$48,996",100%,-,-
483,Breakfast with Scot,"$46,060","$46,060",100%,-,-
484,Undoing,"$44,999","$44,999",100%,-,-
485,What Doesn't Kill You,"$44,872",-,-,"$44,872",100%
486,The Babysitters,"$44,852","$44,852",100%,-,-
487,All Roads Lead Home,"$43,907","$43,907",100%,-,-
488,The Tracey Fragments,"$42,318","$32,645",77.1%,"$9,673",22.9%
489,Thomas Kinkade's Christmas Cottage,"$41,724",-,-,"$41,724",100%
490,The Betrayal,"$41,271","$41,271",100%,-,-
491,I Can't Think Straight,"$40,945","$39,576",96.7%,"$1,369",3.3%
492,Moving Midway,"$40,864","$40,864",100%,-,-
493,The Dhamma Brothers,"$40,492","$40,492",100%,-,-
494,Good Dick,"$39,924","$27,595",69.1%,"$12,329",30.9%
495,Loins of Punjab Presents,"$39,891","$39,891",100%,-,-
496,Refusenik,"$39,456","$39,456",100%,-,-
497,Familiar Strangers,"$34,068","$34,068",100%,-,-
498,Glass: A Portrait of Philip in Twelve Parts,"$32,089","$20,018",62.4%,"$12,071",37.6%
499,Kiss the Bride,"$32,033","$32,033",100%,-,-
500,The Pleasure of Being Robbed,"$31,823","$10,687",33.6%,"$21,136",66.4%
501,Hats Off,"$31,272","$31,272",100%,-,-
502,The Exiles,"$30,945","$30,945",100%,-,-
503,Fighting for Life,"$30,606","$30,606",100%,-,-
504,Walking on Dead Fish,"$30,328","$30,328",100%,-,-
505,Runaways,"$30,032","$27,908",92.9%,"$2,124",7.1%
506,Don Carlo,"$27,834","$27,834",100%,-,-
507,Frontrunners,"$26,976","$26,976",100%,-,-
508,The Dukes,"$26,875","$26,875",100%,-,-
509,Vivre Sa Vie,"$24,517","$24,517",100%,-,-
510,On Broadway,"$23,968","$23,968",100%,-,-
511,Diminished Capacity,"$23,719","$21,659",91.3%,"$2,060",8.7%
512,The World Unseen,"$23,101","$17,808",77.1%,"$5,293",22.9%
513,Lovesickness,"$22,000","$22,000",100%,-,-
514,Garden Party,"$21,886","$21,886",100%,-,-
515,The Matador,"$21,816","$21,816",100%,-,-
516,Antarctica,"$21,679","$21,679",100%,-,-
517,The Cry,"$21,427","$21,427",100%,-,-
518,Shoot the Piano Player,"$20,615","$20,615",100%,-,-
519,The First Basket,"$20,440","$20,440",100%,-,-
520,Trying to Get Good: The Jazz Odyssey of Jack Sheldon,"$19,712","$19,712",100%,-,-
521,Beauty in Trouble 2008 Re-release,"$19,300","$19,300",100%,-,-
522,Saving Marriage,"$18,720","$18,720",100%,-,-
523,"Live Fast, Die Young","$18,335","$18,335",100%,-,-
524,Dear Zachary: A Letter to a Son About His Father,"$18,334","$18,334",100%,-,-
525,Baby Blues,"$17,234","$17,234",100%,-,-
526,Noise,"$16,934","$16,513",97.5%,$421,2.5%
527,Dark Streets,"$16,815","$16,815",100%,-,-
528,Holding Trevor,"$16,814","$16,814",100%,-,-
529,Day Zero,"$16,659","$16,659",100%,-,-
530,Red,"$15,617","$4,643",29.7%,"$10,974",70.3%
531,Eden,"$15,611","$15,611",100%,-,-
532,Six in Paris,"$15,532","$15,532",100%,-,-
533,The Beautiful Truth,"$15,387","$15,387",100%,-,-
534,No Regret 2008 Re-release,"$15,347","$15,347",100%,-,-
535,Cthulhu,"$15,213","$15,213",100%,-,-
536,All Hat,"$15,198","$15,198",100%,-,-
537,YPF,"$14,459","$9,359",64.7%,"$5,100",35.3%
538,It Always Rains on Sunday,"$14,276","$14,276",100%,-,-
539,Military Intelligence and You!,"$14,251","$14,251",100%,-,-
540,Ripple Effect,"$14,059","$14,059",100%,-,-
541,Full Grown Men,"$13,716","$13,716",100%,-,-
542,Written on the Wind,"$13,495",-,-,"$13,495",100%
543,Kicking It,"$13,266","$13,266",100%,-,-
544,Harold,"$13,229","$13,229",100%,-,-
545,I Can No Longer Hear the Guitar,"$12,876","$12,876",100%,-,-
546,Lake City,"$12,767","$12,767",100%,-,-
547,August,"$12,636","$12,636",100%,-,-
548,Jake's Corner,"$12,522","$12,522",100%,-,-
549,Backseat,"$12,343","$12,343",100%,-,-
550,Full Battle Rattle,"$12,306","$12,306",100%,-,-
551,Last Stop for Paul,"$11,951","$11,951",100%,-,-
552,The Go-Getter,"$11,931","$11,931",100%,-,-
553,Quid Pro Quo,"$11,864","$11,864",100%,-,-
554,Operation Filmmaker,"$11,573","$11,573",100%,-,-
555,Sputnik Fever,"$11,441","$11,441",100%,-,-
556,Gardens of the Night,"$11,436","$11,436",100%,-,-
557,"Otto; or, Up with Dead People","$11,295","$11,295",100%,-,-
558,Whaledreamers,"$10,584","$10,584",100%,-,-
559,As It Is in Heaven 2008 Re-release,"$10,236","$10,236",100%,-,-
560,Broken Arrow,"$10,145",-,-,"$10,145",100%
561,Tru Loved,"$9,467","$9,467",100%,-,-
562,As Tears Go By,"$9,436","$9,436",100%,-,-
563,Without the King,"$8,663","$8,663",100%,-,-
564,Amexicano,"$8,655","$8,655",100%,-,-
565,A Good Day to Be Black & Sexy,"$8,629","$8,629",100%,-,-
566,Stealing America: Vote by Vote,"$8,350","$8,350",100%,-,-
567,A Walk to Beautiful,"$7,718","$7,718",100%,-,-
568,The Amazing Truth About Queen Raquela,"$7,328","$5,597",76.4%,"$1,731",23.6%
569,Special 2008 Re-release,"$7,202","$7,202",100%,-,-
570,Take,"$6,627","$6,627",100%,-,-
571,Zardoz,"$6,320",-,-,"$6,320",100%
572,Heavy Metal in Baghdad,"$6,197","$4,070",65.7%,"$2,127",34.3%
573,On the Rumba River,"$6,021","$1,698",28.2%,"$4,323",71.8%
574,Choose Connor,"$5,788","$5,788",100%,-,-
575,Fraulein,"$5,715","$5,715",100%,-,-
576,Nights and Weekends,"$5,430","$5,430",100%,-,-
577,Dog Days of Summer,"$5,383","$5,383",100%,-,-
578,A Lawyer Walks Into a Bar...,"$5,202","$5,202",100%,-,-
579,Turn the River,"$5,149","$5,149",100%,-,-
580,God and Gays: Bridging the Gap,"$5,095","$5,095",100%,-,-
581,Tre,"$4,759","$4,759",100%,-,-
582,House of the Sleeping Beauties,"$4,509","$4,509",100%,-,-
583,Twisted: A Balloonamentary,"$4,218","$4,218",100%,-,-
584,Solar Flare,"$4,098","$4,098",100%,-,-
585,Where God Left His Shoes,"$3,911","$3,911",100%,-,-
586,A Bloody Aria 2008 Re-release,"$3,532",$518,14.7%,"$3,014",85.3%
587,American Zombie,"$3,126","$3,126",100%,-,-
588,Who Does She Think She Is?,"$3,081","$3,081",100%,-,-
589,Spiral,"$3,072","$3,072",100%,-,-
590,Run for Your Life,"$2,992","$2,992",100%,-,-
591,Wetlands Preserved: The Story of an Activist Nightclub,"$2,970","$2,970",100%,-,-
592,"On the Other Hand, Death","$2,892","$2,892",100%,-,-
593,Lower Learning,"$2,804","$2,804",100%,-,-
594,Polar Opposites,"$2,377","$2,377",100%,-,-
595,13 Months of Sunshine,"$2,337","$2,337",100%,-,-
596,Running with Arnold,"$2,119","$2,119",100%,-,-
597,Murder.com,"$2,070","$2,070",100%,-,-
598,House of Usher,"$1,677","$1,677",100%,-,-
599,Ice Blues,"$1,377","$1,377",100%,-,-
600,Fall of Hyperion,"$1,093","$1,093",100%,-,-
601,Kiss Me Deadly,"$1,085","$1,085",100%,-,-
602,How to Rob a Bank (and 10 Tips to Actually Get Away with It),"$1,006","$1,006",100%,-,-
603,Beat the Drum,$895,-,-,$895,100%
604,Disfigured,$829,$829,100%,-,-
605,The Rise and Fall of Miss Thang,$581,$581,100%,-,-
606,Canary,$504,$504,100%,-,-
607,Rome & Jewel,$470,$470,100%,-,-
